pocket_id,pocket_label,center_x,center_y,center_z,size_x,size_y,size_z,volume,area,max_depth,avg_depth,residue_count,residues
KAE,6,4.434453198409826,-41.86813371882905,26.427471268521863,14.999999999999996,22.199999999999996,15.599999999999994,597.67,510.22,9.64,3.11,39,A595LEU; A596GLY; A597GLN; A598GLY; A599THR; A601THR; A603VAL; A640VAL; A642LYS; A655PHE; A671ALA; A687THR; A688GLU; A689TYR; A690VAL; A691GLU; A693GLY; A694PRO; A733GLY; A734ASN; A735VAL; A736CYS; A738ARG; A739ASN; A741LEU; A758SER; A759ASP; A760PRO; A761GLY; A762VAL; A764LEU; A775ARG; A778TRP; A779LEU; A780ALA; A783CYS; A795MET; A796ASP; A799GLY
KAG,8,0.5738761061946863,-38.66295575221239,45.49386725663716,4.800000000000001,3.6000000000000014,4.800000000000004,48.82,73.28,0.0,0.0,8,A708MET; A711LYS; A712MET; A715ALA; A804LEU; A807ILE; A808CYS; A841LEU
KAH,9,-0.059696202531649,-51.43243037974685,47.41874683544303,3.0,5.399999999999999,3.0,34.13,45.01,2.08,0.88,8,A805LEU; A832ARG; A833LEU; A834PRO; A835GLU; A845THR; A846SER; A849LEU
KAA,2,-10.496307692307695,-45.55492307692308,33.835153846153844,3.0,3.0,4.200000000000003,33.7,48.07,3.7,2.0,8,A722LEU; A725LEU; A726GLU; A730LEU; A793THR; A796ASP; A797LYS; A859PHE
KAB,3,-8.119384615384618,-35.24569230769231,24.395923076923072,3.0,2.3999999999999986,4.200000000000003,28.08,34.15,2.4,0.82,8,A662MET; A665VAL; A666SER; A667HIS; A670LEU; A671ALA; A672PHE; A673VAL
KAC,4,-6.029000000000003,-40.98800000000001,49.778999999999996,4.800000000000001,6.000000000000007,3.0,25.92,35.29,1.47,0.47,7,A712MET; A840GLN; A841LEU; A843THR; A844LEU; A865ASP; A866LEU
KAI,10,5.5250322580645115,-47.539290322580634,10.429322580645165,6.0,4.799999999999997,2.4000000000000004,13.39,27.73,0.85,0.27,8,A644LEU; A645ASP; A646PRO; A647SER; A652ALA; A681PRO; A682GLU; A683ASN
KAF,7,-0.804000000000003,-48.77799999999999,25.739,2.400000000000002,2.3999999999999915,2.3999999999999986,12.31,29.54,0.0,0.0,7,A733GLY; A734ASN; A760PRO; A762VAL; A763GLY; A764LEU; A775ARG
KAD,5,-2.937333333333337,-39.15577777777777,7.539,3.6000000000000014,3.0,1.8000000000000007,5.83,11.22,0.6,0.16,6,A581PHE; A583ARG; A584VAL; A676VAL; A677CYS; A678VAL
